address,name
0x820E1D18,Main_FrameLoopStep
0x820FAF80,D3D_BlockUntilFence
0x82110330,Rank_GetGradeForCookies
0x82110430,Rewards_GetDisplayCookieTotal
0x82110528,Rank_GetRankForCookies
0x82110608,Rank_GetGradeDefinition
0x82110740,Rank_GetPlayerGradeGlobals
0x82110790,Armory_GetCookiePurchaseGlobals
0x82110A50,Armory_IsItemOwned
0x82110AD0,Armory_IsItemAvailable
0x82116FA8,Rasterizer_InvalidateTextureCache
0x8216AD90,Rasterizer_SetTextureCached
0x8216B0C8,D3DDevice_SetTexture
0x821ECA28,Player_BuildNetworkConfiguration
0x821F13A8,D3DDevice_Swap
0x821F5CA8,Challenges_BuildProgressChunk
0x82210550,Lsp_BuildUserFileRequest
0x82214080,Crypto_Sha1Buffer
0x8221BF18,Rewards_HashCookiePurchaseGlobals
0x82239140,Rasterizer_EndFrameResetState
0x82256758,Dof_InitializeGlobals
0x82271E38,Lsp_ResolveServerAddress
0x822DE658,Lsp_BuildUserUpdateRewardsRequest
0x822DFC30,OnlineFiles_RegisterUserFiles
0x8231FA10,Achievements_Award
0x8242EA68,Crypto_VerifyRsaSignatureResource00
0x824BBF98,Challenges_ApplyDchaChunk
0x824BC138,Challenges_OnChallengeCompleted
0x824C6350,GameResults_AwardGameCompletionCookies
0x824E8CA8,Challenges_LoadProgressChunk
0x8258E3F0,Rewards_Initialize
0x8258E688,Rewards_SaveAllToProfile
0x8258E770,Rewards_AddCookiesWithCaps
0x8258E8F8,Armory_CommitPurchase
0x8258EA08,Armory_IsItemGrantedFree
0x8258EA88,Armory_IsItemDlcUnlocked
0x8258EB78,Rewards_UpdateController
0x8258EDD0,Rewards_SubmitToLsp
0x8258F068,Rewards_OnLspDownloadComplete
0x8258F6E8,Rewards_OnLspRequestFailed
0x8258F738,Rewards_GetControllerState
0x8258F7F8,Rewards_LoadFromProfile
0x8258F940,Rewards_SaveToProfile
0x8258FE78,Rewards_GetItemFlagsPtr
0x8258FEE0,Rewards_ApplyServerState
0x8258FFE0,Armory_IsItemWaypointUnlocked
0x82590150,Armory_ValidateOwnedItems
0x825902F0,Rewards_AddCookiesCheckRankUp
0x82590448,Rewards_AwardCookies
0x82590580,Armory_GetCookiesSpent
0x825908F8,Rewards_HashCommendationGlobals
0x82590AA0,Commendation_IncrementProgress
0x82590EE0,Rewards_ComputeGameCompletionAward
0x825F4418,ContentEnum_TaskStep
0x82602C28,Lzx_DecompressChunkOnFiber
0x82605210,RewardsSync_ResetRetryTimer
0x82605288,RewardsSync_BeginUpload
0x82605580,RewardsSync_Cancel
0x82605628,RewardsSync_UpdateController
0x82606718,Armory_AutoBuyFreeItems
0x826067F8,Armory_CheckRankRequirement
0x826068A8,Armory_FindMissingPrerequisite
0x82606AC8,Armory_ArePurchaseRequirementsMet
0x82606B40,Armory_CanAffordItem
0x826C5C60,D3DDevice_ResetTextureStages
0x826E9160,Lsp_RequestUserServiceRecord
0x826F3EA0,Profile_SetRewardsBlock
0x82708C80,Profile_ReadOtherTitleSetting
0x82711250,Profile_OnReadSettingsComplete
0x82711E28,Profile_WriteTitleSettings
0x827120B8,Profile_DeserializeTitleSettings
0x82712570,Profile_ParseTitleBlob
0x82712EB0,Profile_SerializeTitleBlob
0x8278DDA0,UiArmory_OnPurchaseConfirmed
0x8278DF78,UiArmory_OnItemSelected
0x827EC7E0,__savegprlr_14
0x827EC7E4,__savegprlr_15
0x827EC7E8,__savegprlr_16
0x827EC7EC,__savegprlr_17
0x827EC7F0,__savegprlr_18
0x827EC7F4,__savegprlr_19
0x827EC7F8,__savegprlr_20
0x827EC7FC,__savegprlr_21
0x827EC800,__savegprlr_22
0x827EC804,__savegprlr_23
0x827EC808,__savegprlr_24
0x827EC80C,__savegprlr_25
0x827EC810,__savegprlr_26
0x827EC814,__savegprlr_27
0x827EC818,__savegprlr_28
0x827EC81C,__savegprlr_29
0x827EC830,__restgprlr_14
0x8280A638,NetDll_inet_addr
0x8295DA18,XapiGetCurrentFiber
0x8295DA28,XapiConvertThreadToFiber
0x8295DAB8,XapiConvertFiberToThread
0x8295DB08,XapiCreateFiber
0x8295DBE8,XapiDeleteFiber
0x8295DC48,XapiSwitchToFiber
0x829EB88C,NtSetEvent
0x829EB89C,KeLeaveCriticalRegion
0x829EB8AC,XMsgInProcessCall
0x829EB8BC,VdGetSystemCommandBuffer
0x829EB8CC,VdSwap
0x829EB8DC,NtWaitForSingleObjectEx
0x829EB8EC,KeQuerySystemTime
0x829EB8FC,XamInputGetState
0x829EB90C,XamUserGetSigninInfo
0x829EB91C,XamUserGetSigninState
0x829EB92C,InterlockedPopEntrySList
0x829EB93C,RtlLeaveCriticalSection
0x829EB94C,RtlEnterCriticalSection
0x829EB95C,KeGetCurrentProcessType
0x829EB96C,XexGetModuleSection
0x829EB97C,XexGetModuleHandle
0x829EB98C,XNotifyGetNext
0x829EB99C,InterlockedFlushSList
0x829EB9AC,NtReleaseSemaphore
0x829EB9BC,XamInputSetState
0x829EB9CC,XeCryptShaInit
0x829EB9DC,XeCryptShaUpdate
0x829EB9EC,XeCryptShaFinal
0x829EB9FC,VdRetrainEDRAM
0x829EBA0C,RtlTryEnterCriticalSection
0x829EBA1C,KeTlsGetValue
0x829EBA2C,KeEnterCriticalRegion
0x829EBA3C,XamLoaderGetLaunchDataSize
0x829EBA4C,XamTaskShouldExit
0x829EBA5C,XamTaskCloseHandle
0x829EBA6C,XamTaskSchedule
0x829EBA7C,XamInputGetCapabilities
0x829EBA8C,XamShowMessageBoxUIEx
0x829EBA9C,XGetLanguage
0x829EBAAC,XGetAVPack
0x829EBABC,XamLoaderTerminateTitle
0x829EBACC,StfsControlDevice
0x829EBADC,StfsCreateDevice
0x829EBAEC,NtQueryVolumeInformationFile
0x829EBAFC,NtClose
0x829EBB0C,NtOpenFile
0x829EBB1C,RtlInitAnsiString
0x829EBB2C,__C_specific_handler
0x829EBB3C,RtlImageXexHeaderField
0x829EBB4C,XeKeysConsoleSignatureVerification
0x829EBB5C,XeCryptSha
0x829EBB6C,NtWriteFile
0x829EBB7C,NtReadFile
0x829EBB8C,XeKeysConsolePrivateKeySign
0x829EBB9C,NtCreateFile
0x829EBBAC,NtFreeVirtualMemory
0x829EBBBC,NtAllocateVirtualMemory
0x829EBBCC,_snprintf
0x829EBBDC,NtFlushBuffersFile
0x829EBBEC,ObDereferenceObject
0x829EBBFC,IoDismountVolume
0x829EBC0C,RtlNtStatusToDosError
0x829EBC1C,ObCreateSymbolicLink
0x829EBC2C,ObDeleteSymbolicLink
0x829EBC3C,KeResetEvent
0x829EBC4C,KeWaitForSingleObject
0x829EBC5C,KeSetEvent
0x829EBC6C,XexCheckExecutablePrivilege
0x829EBC7C,ExRegisterTitleTerminateNotification
0x829EBC8C,NtSetInformationFile
0x829EBC9C,FscSetCacheElementCount
0x829EBCAC,NtCreateEvent
0x829EBCBC,ExGetXConfigSetting
0x829EBCCC,DbgPrint
0x829EBCDC,ExCreateThread
0x829EBCEC,RtlUnicodeToMultiByteN
0x829EBCFC,KeDelayExecutionThread
0x829EBD0C,IoInvalidDeviceRequest
0x829EBD1C,ObReferenceObject
0x829EBD2C,RtlInitializeCriticalSection
0x829EBD3C,IoCreateDevice
0x829EBD4C,NtQueryInformationFile
0x829EBD5C,IoDeleteDevice
0x829EBD6C,ExAllocatePoolTypeWithTag
0x829EBD7C,ExFreePool
0x829EBD8C,RtlCompareStringN
0x829EBD9C,MmQueryAddressProtect
0x829EBDAC,RtlTimeFieldsToTime
0x829EBDBC,RtlTimeToTimeFields
0x829EBDCC,IoCompleteRequest
0x829EBDDC,NtWriteFileGather
0x829EBDEC,KfReleaseSpinLock
0x829EBDFC,KfAcquireSpinLock
0x829EBE0C,KeSetBasePriorityThread
0x829EBE1C,RtlUpcaseUnicodeChar
0x829EBE2C,ObIsTitleObject
0x829EBE3C,IoCheckShareAccess
0x829EBE4C,IoSetShareAccess
0x829EBE5C,IoRemoveShareAccess
0x829EBE6C,IoDismountVolumeByFileHandle
0x829EBE7C,NtDeviceIoControlFile
0x829EBE8C,NtQueryFullAttributesFile
0x829EBE9C,NtQueryDirectoryFile
0x829EBEAC,NtReadFileScatter
0x829EBEBC,NtDuplicateObject
0x829EBECC,ExAllocatePool
0x829EBEDC,ObOpenObjectByPointer
0x829EBEEC,ObReferenceObjectByHandle
0x829EBEFC,NtSuspendThread
0x829EBF0C,KeSetAffinityThread
0x829EBF1C,HalReturnToFirmware
0x829EBF2C,ExTerminateThread
0x829EBF3C,RtlFillMemoryUlong
0x829EBF4C,KeBugCheckEx
0x829EBF5C,RtlCompareMemoryUlong
0x829EBF6C,NtQueryVirtualMemory
0x829EBF7C,RtlRaiseException
0x829EBF8C,XGetVideoMode
0x829EBF9C,XCustomGetCurrentGamercard
0x829EBFAC,XCustomGetLastActionPressEx
0x829EBFBC,XNotifyDelayUI
0x829EBFCC,XNotifyPositionUI
0x829EBFDC,XCustomSetDynamicActions
0x829EBFEC,XGetGameRegion
0x829EBFFC,XamShowMarketplaceDownloadItemsUI
0x829EC00C,XamShowSigninUI
0x829EC01C,XamShowKeyboardUI
0x829EC02C,XamShowGamerCardUIForXUID
0x829EC03C,XamShowPlayerReviewUI
0x829EC04C,XamShowMarketplaceUI
0x829EC05C,XamShowDeviceSelectorUI
0x829EC06C,XamShowFriendRequestUI
0x829EC07C,XamShowDirtyDiscErrorUI
0x829EC08C,XamEnumerate
0x829EC09C,XMsgStartIORequest
0x829EC0AC,XamUserGetName
0x829EC0BC,XamUserAreUsersFriends
0x829EC0CC,XamUserCheckPrivilege
0x829EC0DC,XamGetSystemVersion
0x829EC0EC,XamUserCreateAchievementEnumerator
0x829EC0FC,XamUserGetXUID
0x829EC10C,XamEnableInactivityProcessing
0x829EC11C,XamResetInactivity
0x829EC12C,XamContentCreateEx
0x829EC13C,XamContentDelete
0x829EC14C,XamContentClose
0x829EC15C,XamContentFlush
0x829EC16C,XamContentGetLicenseMask
0x829EC17C,XamContentCreateEnumerator
0x829EC18C,XamContentGetDeviceData
0x829EC19C,XamGetExecutionId
0x829EC1AC,XamAlloc
0x829EC1BC,XamFree
0x829EC1CC,XamGetOverlappedResult
0x829EC1DC,XMsgCompleteIORequest
0x829EC1EC,XamGetPrivateEnumStructureFromHandle
0x829EC1FC,XamLoaderLaunchTitle
0x829EC20C,XeCryptAesKey
0x829EC21C,XeCryptAesCbc
0x829EC22C,XeCryptBnQw_SwapDwQwLeBe
0x829EC23C,XeCryptBnQwNeRsaPubCrypt
0x829EC24C,XeCryptBnDwLePkcs1Verify
0x829EC25C,XeCryptRandom
0x829EC26C,XeCryptBnDwLePkcs1Format
0x829EC27C,XAudioGetSpeakerConfig
0x829EC28C,RtlInitializeCriticalSectionAndSpinCount
0x829EC29C,RtlUnwind
0x829EC2AC,KeBugCheck
0x829EC2BC,KeTlsAlloc
0x829EC2CC,KeTlsSetValue
0x829EC2DC,KeTlsFree
0x829EC2EC,KeEnableFpuExceptions
0x829EC2FC,RtlCaptureContext
0x829EC30C,_vsnprintf
0x829EC31C,XexUnloadImage
0x829EC32C,XexGetProcedureAddress
0x829EC33C,XexLoadImage
0x829EC34C,DbgBreakPoint
0x829EC35C,NtYieldExecution
0x829EC36C,MmQueryStatistics
0x829EC37C,MmAllocatePhysicalMemoryEx
0x829EC38C,MmQueryAllocationSize
0x829EC39C,MmSetAddressProtect
0x829EC3AC,MmFreePhysicalMemory
0x829EC3BC,KeQueryPerformanceFrequency
0x829EC3CC,NtCreateIoCompletion
0x829EC3DC,NtRemoveIoCompletion
0x829EC3EC,NtResumeThread
0x829EC3FC,NtCreateSemaphore
0x829EC40C,NtWaitForMultipleObjectsEx
0x829EC41C,NtClearEvent
0x829EC42C,NtCreateMutant
0x829EC43C,NtReleaseMutant
0x829EC44C,RtlFreeAnsiString
0x829EC45C,RtlUnicodeStringToAnsiString
0x829EC46C,RtlInitUnicodeString
0x829EC47C,RtlMultiByteToUnicodeN
0x829EC48C,VdEnableDisableClockGating
0x829EC49C,VdPersistDisplay
0x829EC4AC,VdSetSystemCommandBufferGpuIdentifierAddress
0x829EC4BC,KiApcNormalRoutineNop
0x829EC4CC,MmGetPhysicalAddress
0x829EC4DC,KeReleaseSpinLockFromRaisedIrql
0x829EC4EC,VdEnableRingBufferRPtrWriteBack
0x829EC4FC,VdInitializeRingBuffer
0x829EC50C,KeAcquireSpinLockAtRaisedIrql
0x829EC51C,sprintf
0x829EC52C,VdSetDisplayMode
0x829EC53C,VdQueryVideoMode
0x829EC54C,VdGetCurrentDisplayInformation
0x829EC55C,VdQueryVideoFlags
0x829EC56C,VdSetGraphicsInterruptCallback
0x829EC57C,VdInitializeEngines
0x829EC58C,VdIsHSIOTrainingSucceeded
0x829EC59C,VdShutdownEngines
0x829EC5AC,KeInitializeDpc
0x829EC5BC,KeLockL2
0x829EC5CC,KeUnlockL2
0x829EC5DC,VdGetCurrentDisplayGamma
0x829EC5EC,VdInitializeScalerCommandBuffer
0x829EC5FC,VdCallGraphicsNotificationRoutines
0x829EC60C,VdRetrainEDRAMWorker
0x829EC61C,NetDll_XNetStartup
0x829EC62C,NetDll_XNetCleanup
0x829EC63C,NetDll_XNetRandom
0x829EC64C,NetDll_XNetCreateKey
0x829EC65C,NetDll_XNetRegisterKey
0x829EC66C,NetDll_XNetUnregisterKey
0x829EC67C,NetDll_XNetXnAddrToInAddr
0x829EC68C,NetDll_XNetServerToInAddr
0x829EC69C,NetDll_XNetInAddrToXnAddr
0x829EC6AC,NetDll_XNetUnregisterInAddr
0x829EC6BC,NetDll_XNetXnAddrToMachineId
0x829EC6CC,NetDll_XNetConnect
0x829EC6DC,NetDll_XNetGetConnectStatus
0x829EC6EC,NetDll_XNetQosListen
0x829EC6FC,NetDll_XNetQosLookup
0x829EC70C,NetDll_XNetQosServiceLookup
0x829EC71C,NetDll_XNetQosRelease
0x829EC72C,NetDll_XNetGetTitleXnAddr
0x829EC73C,NetDll_XNetGetEthernetLinkStatus
0x829EC74C,NetDll_XNetQosGetListenStats
0x829EC75C,NetDll_WSAStartup
0x829EC76C,NetDll_WSACleanup
0x829EC77C,NetDll_socket
0x829EC78C,NetDll_closesocket
0x829EC79C,NetDll_shutdown
0x829EC7AC,NetDll_ioctlsocket
0x829EC7BC,NetDll_setsockopt
0x829EC7CC,NetDll_bind
0x829EC7DC,NetDll_connect
0x829EC7EC,NetDll_listen
0x829EC7FC,NetDll_accept
0x829EC80C,NetDll_select
0x829EC81C,NetDll_recv
0x829EC82C,NetDll_recvfrom
0x829EC83C,NetDll_send
0x829EC84C,NetDll_sendto
0x829EC85C,NetDll_inet_addr
0x829EC86C,NetDll_WSAGetLastError
0x829EC87C,NetDll___WSAFDIsSet
0x829EC88C,XNetLogonGetMachineID
0x829EC89C,XNetLogonGetTitleID
0x829EC8AC,XamSessionRefObjByHandle
0x829EC8BC,XamSessionCreateHandle
0x829EC8CC,XamCreateEnumeratorHandle
0x829EC8DC,XamNotifyCreateListener
0x829EC8EC,XamUserReadProfileSettings
0x829EC8FC,XamVoiceHeadsetPresent
0x829EC90C,XamVoiceClose
0x829EC91C,XMsgCancelIORequest
0x829EC92C,XamVoiceSubmitPacket
0x829EC93C,XamVoiceCreate
0x829EC94C,XMsgStartIORequestEx
0x829EC95C,XCustomRegisterDynamicActions
0x829EC96C,XCustomUnregisterDynamicActions
0x829EC97C,XamLoaderSetLaunchData
0x829EC98C,KeRaiseIrqlToDpcLevel
0x829EC99C,KfLowerIrql
0x829EC9AC,XAudioRegisterRenderDriverClient
0x829EC9BC,XAudioUnregisterRenderDriverClient
0x829EC9CC,XAudioSubmitRenderDriverFrame
0x829EC9DC,KeTryToAcquireSpinLockAtRaisedIrql
0x829EC9EC,KeReleaseSemaphore
0x829EC9FC,XAudioGetVoiceCategoryVolume
0x829ECA0C,XAudioGetVoiceCategoryVolumeChangeMask
0x829ECA1C,KeWaitForMultipleObjects
0x829ECA2C,KeResumeThread
0x829ECA3C,KeInitializeSemaphore
0x829ECA4C,XMAReleaseContext
0x829ECA5C,XMACreateContext
0x829ECA6C,ObLookupAnyThreadByThreadId
0x829ECA7C,RtlImageNtHeader
0x829ECA8C,MmIsAddressValid
0x829ECA9C,XeCryptHmacShaUpdate
0x829ECAAC,XeCryptHmacShaInit
0x829ECABC,XeCryptHmacShaFinal
0x829ECACC,NtCancelTimer
0x829ECADC,NtSetTimerEx
0x829ECAEC,NtCreateTimer
0x829ECAFC,MmCreateKernelStack
0x829ECB0C,MmDeleteKernelStack
0x829ECB1C,KeSetCurrentStackPointers
0x829ECB2C,XamUserWriteProfileSettings
