id,name
0x00,_surface_none
0x01,_surface_display
0x02,_surface_shadow_mask
0x03,_surface_shadow_0
0x04,_surface_shadow_1
0x05,_surface_shadow_2
0x06,_surface_shadow_3
0x07,_surface_shadow_in_texture_cam
0x08,_surface_depth_stencil
0x09,_surface_depth_stencil_stencil
0x0a,_surface_depth_stencil_ms
0x0b,_surface_depth_stencil_tron_edram
0x0c,_surface_depth_stencil_tron_edram_8x3
0x0d,_surface_depth_stencil_with_higher_highz
0x0e,_surface_depth_stencil_hud_camera
0x0f,_surface_depth_stencil_post
0x10,_surface_depth_stencil_fill
0x11,_surface_depth_stencil_fill_msaa
0x12,_surface_screenshot_composite_16f
0x13,_surface_UI_scratch
0x14,_surface_screenshot_composite_8bit
0x15,_surface_screenshot_display
0x16,_surface_screenshot_composite_16i
0x17,_surface_accum_LDR
0x18,_surface_albedo
0x19,_surface_normal
0x1a,_surface_albedo_debug
0x1b,_surface_single_pass_result
0x1c,_surface_accum_resolve_camo
0x1d,_surface_accum_resolve_motion_blur
0x1e,_surface_fullscreen_blur
0x1f,_surface_fullscreen_warp
0x20,_surface_albedo_fast
0x21,_surface_normal_biased
0x22,_surface_accum_LDR_temp
0x23,_surface_antialias_curframe
0x24,_surface_antialias_lastframe
0x25,_surface_antialias_lastframe_from_display
0x26,_surface_aux_bloom
0x27,_surface_aux_star
0x28,_surface_aux_small
0x29,_surface_aux_tiny
0x2a,_surface_aux_mini
0x2b,_surface_aux_small_gamma2
0x2c,_surface_aux_exposure_0
0x2d,_surface_aux_exposure_1
0x2e,_surface_aux_exposure_2
0x2f,_surface_aux_exposure_3
0x30,_surface_aux_exposure_4
0x31,_surface_aux_exposure_5
0x32,_surface_aux_exposure_6
0x33,_surface_aux_exposure_7
0x34,_surface_aux_chud_overlay
0x35,_surface_aux_depth_of_field_high_rez
0x36,_surface_aux_for_blurring
0x37,_surface_distortion
0x38,_surface_depth_camera_depth
0x39,_surface_depth_camera_stencil
0x3a,_surface_depth_camera
0x3b,_surface_aux_water_interaction_height
0x3c,_surface_aux_water_interaction_slope
0x3d,_surface_persistent_rain_buffer
0x3e,_surface_persistent_splash_buffer
0x3f,_surface_chud_turbulence
0x40,_surface_resolve_half_0
0x41,_surface_resolve_half_1
0x42,_surface_resolve_half_8x3_0
0x43,_surface_resolve_half_8x3_1
0x44,_surface_resolve_quarter_0
0x45,_surface_resolve_quarter_1
0x46,_surface_resolve_quarter_2
0x47,_surface_resolve_quarter_3
0x48,_surface_aux_ocean_mask
0x49,_surface_particle_overdraw
0x4a,_surface_particle_lighting
0x4b,_surface_particle_blur
0x4c,_surface_depth_blur
0x4d,_surface_depth_blur_float
0x4e,_surface_rain_occlusion
0x50,_surface_cheap_particles_velocity_and_delta_age
0x51,_surface_cheap_particles_parameters
0x52,_surface_lightning_buffer
0x53,_surface_atmosphere_fog_table_buffer
